{
  "results": [
    {
      "command": "./lab_0904",
      "mean": 0.14962798232526317,
      "stddev": 0.0005365278563013451,
      "median": 0.14954642622000003,
      "user": 1.1794288231578947,
      "system": 0.0013564336842105263,
      "min": 0.14871718722000002,
      "max": 0.15088547922,
      "times": [
        0.14904910222,
        0.14954642622000003,
        0.14947932522000001,
        0.15020103322,
        0.14977621822,
        0.15024263322,
        0.14989101222,
        0.15019249022,
        0.14967409022000003,
        0.14871718722000002,
        0.14989446322000002,
        0.14883867922000002,
        0.14952869622,
        0.14911319422000002,
        0.14925293822000002,
        0.15088547922,
        0.14987598922,
        0.14936546822000002,
        0.14940723822000002
      ],
      "exit_codes": [
        0,
        0,
        0,
        0,
        0,
        0,
        0,
        0,
        0,
        0,
        0,
        0,
        0,
        0,
        0,
        0,
        0,
        0,
        0
      ]
    }
  ]
}
