{
  "results": [
    {
      "command": "./lab_0901",
      "mean": 2.5513904213000003,
      "stddev": 0.22004963582078366,
      "median": 2.4854820639,
      "user": 19.2762129,
      "system": 0.0027708559999999995,
      "min": 2.2864339794,
      "max": 2.9867932954,
      "times": [
        2.4857595534,
        2.4953116434,
        2.2864339794,
        2.2965263814,
        2.4852045744,
        2.4723382444,
        2.4842342534,
        2.7395416884,
        2.9867932954,
        2.7817605994
      ],
      "exit_codes": [
        0,
        0,
        0,
        0,
        0,
        0,
        0,
        0,
        0,
        0
      ]
    }
  ]
}
