{
  "results": [
    {
      "command": "./lab_0901",
      "mean": 2.4375840012600003,
      "stddev": 0.20782556016362,
      "median": 2.3932445284600004,
      "user": 18.29452386,
      "system": 0.005038198000000001,
      "min": 2.28361804146,
      "max": 2.9591901274600003,
      "times": [
        2.51534567646,
        2.31248886846,
        2.48479120546,
        2.28849859046,
        2.28361804146,
        2.2884326714600003,
        2.4740001884600002,
        2.4786421994600003,
        2.2908324434600003,
        2.9591901274600003
      ],
      "exit_codes": [
        0,
        0,
        0,
        0,
        0,
        0,
        0,
        0,
        0,
        0
      ]
    }
  ]
}
